id,room_name,user_name,message,ai_message,ai_user_summary,send_in_mode_c,timestamp
579,6,喬峰,你叫什麼名字,與此無關,,,2025-07-13T02:20:56.395300+00:00
580,6,bro,現在幾點?,與此無關,,,2025-07-13T02:21:13.196172+00:00
581,6,喬峰,他寫了什麼話,與此無關,,,2025-07-13T02:21:17.693995+00:00
582,6,喬峰,我應該問你,與此無關,,,2025-07-13T02:21:45.112391+00:00
583,6,喬峰,我應該問你什麼問ㄊㄧ,與此無關,,,2025-07-13T02:21:51.651860+00:00
584,6,喬峰,／,與此無關,,,2025-07-13T02:21:55.015732+00:00
585,6,喬峰,？,與此無關,,,2025-07-13T02:21:56.965359+00:00
586,6,喬峰,那我現在應該要幹麻,與此無關,,,2025-07-13T02:22:32.032345+00:00
587,6,bro,請問題目中的男子與餐廳老闆認識嗎?,與此無關,,,2025-07-13T02:22:55.762353+00:00
588,6,喬峰,他要送老闆支票,與此無關,,,2025-07-13T02:23:04.124015+00:00
589,6,bro,支票是假的,否,,,2025-07-13T02:23:24.982176+00:00
590,6,bro,男子就是老闆,否,,,2025-07-13T02:23:47.267382+00:00
591,6,喬峰,服務生就是老闆,與此無關,,,2025-07-13T02:23:58.670677+00:00
592,6,bro,男子是老闆朋友,您所說的『朋友』，是指哪一方面的朋友？,,,2025-07-13T02:24:33.887584+00:00
593,6,bro,情義相挺的那種朋友,否,,,2025-07-13T02:25:20.861015+00:00
594,6,喬峰,男子,與此無關,,,2025-07-13T02:25:27.411977+00:00
595,6,喬峰,男子喜歡老闆,您所說的『喜歡』，是指哪一方面的喜歡？,,,2025-07-13T02:25:31.186609+00:00
596,6,bro,所以朋友方向是對的嗎?,您所說的『朋友方向』，是指哪一方面的方向？,,,2025-07-13T02:25:49.679588+00:00
597,6,喬峰,惺惺相惜,否,,,2025-07-13T02:26:10.026587+00:00
598,6,喬峰,因為男子是個大老闆出門不帶現金只會開支票,否,,,2025-07-13T02:26:58.176751+00:00
599,6,喬峰,因為男子是,與此無關,,,2025-07-13T02:27:19.868635+00:00
600,6,bro,喔我打錯了,與此無關,,,2025-07-13T02:27:25.536380+00:00
601,6,喬峰,因為男子是餐廳老闆的前同事,否,,,2025-07-13T02:27:29.111215+00:00
602,6,bro,餐廳是新開的嗎?,與此無關,,,2025-07-13T02:28:01.346736+00:00
603,6,喬峰,因為餐廳才剛開張,否,,,2025-07-13T02:28:17.486504+00:00
604,6,bro,老闆家裡有喜事嗎?,否,,,2025-07-13T02:28:19.141515+00:00
605,6,喬峰,因為男子想裝逼,您所說的『裝逼』，是指哪一方面的行為或動機？,,,2025-07-13T02:28:31.803743+00:00
606,6,bro,老闆要退休了嗎?,與此無關,,,2025-07-13T02:28:59.251701+00:00
607,6,喬峰,裝得自己很厲害開支票，結果支票金額跟帳單一樣而已,否,,,2025-07-13T02:29:01.415237+00:00
608,6,喬峰,因為男子是個怪咖,與此無關,,,2025-07-13T02:29:23.996522+00:00
609,6,喬峰,因為男子喜歡服務生,否,,,2025-07-13T02:30:03.547615+00:00
610,6,喬峰,因為男子想要追求服務生,否,,,2025-07-13T02:30:12.878832+00:00
611,6,喬峰,因為男子想要追求老闆,否,,,2025-07-13T02:30:17.406867+00:00
612,6,bro,老闆與男子的關係,與此無關,,,2025-07-13T02:30:50.307025+00:00
613,6,喬峰,男子,與此無關,,,2025-07-13T02:31:00.049805+00:00
614,6,喬峰,男子的支票是假的,否,,,2025-07-13T02:31:06.690449+00:00
615,6,喬峰,男子是公關公司,否,,,2025-07-13T02:31:23.643007+00:00
616,6,喬峰,男子想推銷,您所說的『推銷』，是指推銷什麼？,,,2025-07-13T02:31:30.983280+00:00
617,6,bro,想要吸引老闆注意?,您所說的『吸引老闆注意』，是指哪一方面的注意？,,,2025-07-13T02:32:09.353135+00:00
618,6,喬峰,他可能是戈登拉姆齊,否,,,2025-07-13T02:32:35.993818+00:00
619,6,喬峰,為什麼要在支票背面寫幾句話恭喜餐廳老闆,與此無關,,,2025-07-13T02:32:54.946926+00:00
620,6,喬峰,他是同性戀,與此無關,,,2025-07-13T02:33:07.878455+00:00
621,6,喬峰,男子是同性戀,與此無關,,,2025-07-13T02:33:13.376471+00:00
622,6,bro,就是在支票背面寫幾句話有點違背常理，通常會吸引到他人注意,您所說的『吸引注意』，是指哪一方面的注意？,,,2025-07-13T02:33:13.779414+00:00
623,6,喬峰,老闆是同性戀,與此無關,,,2025-07-13T02:33:19.574696+00:00
624,6,喬峰,服務生想要娶,與此無關,,,2025-07-13T02:33:26.185440+00:00
625,6,bro,讓老闆意識到餐廳裡有這個人,您所說的『意識到』，是指哪一方面的意識？,,,2025-07-13T02:33:37.028464+00:00
626,6,bro,就單純地知道,否,,,2025-07-13T02:33:56.973482+00:00
627,6,喬峰,男子是戈登,您所說的『戈登』，是指哪一位？還是泛指知名人士？,,,2025-07-13T02:34:12.081179+00:00
628,6,喬峰,地獄,與此無關,,,2025-07-13T02:34:20.631472+00:00
629,6,bro,男子是名人嗎?,是,,,2025-07-13T02:34:23.062250+00:00
630,6,喬峰,男子是戈登,您所說的『戈登』，是指哪一位？還是泛指知名人士？,,,2025-07-13T02:34:35.177044+00:00
631,6,bro,老闆是名人嗎?,與此無關,,,2025-07-13T02:34:35.272270+00:00
632,6,喬峰,地獄廚房的戈登拉姆齊,否,,,2025-07-13T02:34:44.245650+00:00
633,6,喬峰,地獄廚房的高登,否,,,2025-07-13T02:35:04.980316+00:00
634,6,喬峰,米其林餐廳評鑑員,否,,,2025-07-13T02:35:24.970977+00:00
635,6,喬峰,米其林密探,否,,,2025-07-13T02:35:43.558014+00:00
636,6,喬峰,男子從事什麼行業？,與此無關,,,2025-07-13T02:35:57.260396+00:00
637,6,bro,我覺得是男人想幫老闆提高餐廳知名度,不完全正確，請再思考男子這樣做對他自己有什麼好處。,,,2025-07-13T02:36:00.043132+00:00
638,6,喬峰,男子是美食評論家嗎？,您所說的『美食評論家』，是指以評論美食聞名，還是泛指知名人士？,,,2025-07-13T02:36:08.198313+00:00
639,6,喬峰,以評論美食聞名,否,,,2025-07-13T02:36:16.982142+00:00
640,6,喬峰,男子是知名人士嗎？,是,,,2025-07-13T02:36:25.813253+00:00
641,6,喬峰,男子,與此無關,,,2025-07-13T02:36:29.102180+00:00
642,6,bro,男人想要借用自己是名人的身分，讓餐廳的生意以及知名度都有所提升,請再思考：男子這樣做，對他自己有什麼實際的好處？,,,2025-07-13T02:36:46.600792+00:00
643,6,bro,男子的名聲也會相對應的提升,請再思考：男子這樣做，是否讓他在支付帳單時獲得了什麼特殊的利益？,,,2025-07-13T02:37:15.973144+00:00
644,6,bro,另用自己是名人的優勢，在帳單背後寫幾句恭喜餐廳的話，讓他之後來餐廳都能得到優惠,請再思考：男子這樣做，老闆會怎麼處理這張支票？,,,2025-07-13T02:38:22.240482+00:00
645,6,bro,裱框保留放在店面展示,恭喜你，已經完整解開謎底！男子利用自己是名人的身份，在支票背面留言簽名，讓支票本身成為有收藏價值的物品，老闆選擇收藏展示而不兌現，雙方都因此受益。,,,2025-07-13T02:38:40.980012+00:00
