id,room_name,user_name,message,ai_message,timestamp,mode,awareness_summary,suggestion_response
924,7,彈塗魚,支票是真的嗎?,是,2025-07-21T07:07:27.408373+00:00,C,我剛剛問了「支票是真的嗎？」，裁判說「是」。這好像跟你之前猜測的方向有點呼應，你覺得他特別在背面寫話會跟支票本身的真偽無關，而是跟其他因素有關嗎？你有什麼新想法嗎？,no_action
926,7,彈塗魚,男子與老闆有商業往來嗎?,否,2025-07-21T07:08:06.766091+00:00,C,哈，原來男子跟老闆沒有商業往來，看來我剛才想歪方向了！Partner，你有想到什麼其他可能的理由嗎？,no_action
925,7,ching,他是米其林評審嗎,是也不是,2025-07-21T07:07:49.595899+00:00,C,我剛剛問AI「他是米其林評審嗎」，AI說「是也不是」。這個答案好像有點模糊，Partner，你覺得他的身分會不會是跟米其林評審很接近但不完全一樣的人？你有什麼想法嗎？,sent
927,7,ching,他認識餐廳老闆嗎,與此無關,2025-07-21T07:08:40.605341+00:00,C,我剛剛問AI「他認識餐廳老闆嗎」，結果AI說跟這沒關係。好像又猜錯方向了，不過你之前提到他們沒有商業往來，這點也許真的是重點！你覺得還有哪些細節是我們沒注意到的？,dismissed
928,7,彈塗魚,雙方是朋友嗎?,與此無關,2025-07-21T07:08:52.317308+00:00,C,我剛剛問了AI「雙方是朋友嗎？」，AI說這跟答案無關，看來我又猜錯方向了。Partner，你之前提到米其林評審相關的想法，會不會跟這個動機比較有關？你覺得我們還可以從哪些角度切入？,dismissed
930,7,ching,餐廳生意好嗎,與此無關,2025-07-21T07:09:52.074920+00:00,C,啊，原來餐廳生意好不好其實跟這題沒什麼關係，我剛剛想錯方向了！Partner，你覺得我們還有沒有什麼地方是我沒注意到的？,no_action
929,7,彈塗魚,老闆的店是新的嗎?因為男子恭喜了他,與此無關,2025-07-21T07:09:41.857752+00:00,C,我剛剛問了AI「老闆的店是不是新的」，結果AI說這跟答案沒有關係。哎，我這題想歪了，不好意思！你剛才提出那個米其林評審的方向好像比較有眉目，你覺得我們要不要再往那邊多想一點？,dismissed
931,7,ching,餐廳生意好嗎,與此無關,2025-07-21T07:09:54.960172+00:00,C,哎呀，我好像又猜錯方向了，這跟餐廳生意好壞沒關係。Partner，你覺得我們該不該回頭再想想那個「恭喜」的重點？,dismissed
932,7,彈塗魚,老闆生小孩嗎?,與此無關,2025-07-21T07:10:28.697836+00:00,C,我剛問了「老闆生小孩嗎」，但AI說這和答案沒關係。啊，這條線索又走錯啦！Partner，你剛剛有提到那個米其林評審的身份，我覺得你那個方向好像更有希望，你覺得還有什麼可以順著這個身份去問的嗎？,dismissed
933,7,彈塗魚,跟老闆的身分有關嗎?,與此無關,2025-07-21T07:10:58.666838+00:00,C,我剛剛問了AI「跟老闆的身分有關嗎？」，結果答案是「與此無關」。哎，看來我又猜錯方向了，你覺得我們現在該從哪個角度入手？還是你剛剛想到的那個「米其林評審相關但不一樣」的想法要不要再多討論一下？,no_action
934,7,彈塗魚,跟男子的身分有關嗎?,是,2025-07-21T07:11:11.199784+00:00,C,我剛剛問了AI「跟男子的身分有關嗎」，AI說「是」。既然男子的身分是關鍵，你覺得我們可以從哪些角度去猜他的身分？,dismissed
936,7,ching,他是美食家嗎,是也不是,2025-07-21T07:11:35.664699+00:00,C,我剛問AI「他是美食家嗎」，結果AI說「是也不是」，這個答案好像又有點模糊。Partner，你覺得他會不會是介於美食家和另一種身分之間的人？你有什麼聯想嗎？,sent
935,7,彈塗魚,男子是明星嗎?,是也不是,2025-07-21T07:11:26.557717+00:00,C,我剛剛問了AI「男子是明星嗎？」，結果AI說「是也不是」。這好像又是一個模糊的答案，Partner，你覺得會不會男子的身分是那種有名但是不算傳統明星的人？你有什麼想法或聯想到什麼嗎？,dismissed
937,7,ching,他是總統嗎,是也不是,2025-07-21T07:12:03.862957+00:00,C,我剛問AI「他是總統嗎」，AI回答「是也不是」。Partner，你覺得會不會是因為他的身分有某種特殊性，才讓答案這麼模糊？你聯想到什麼嗎？,sent
938,7,彈塗魚,男子是否在主持美食節目?,與此無關,2025-07-21T07:12:07.401892+00:00,C,啊，我剛問了「男子是否在主持美食節目」，結果AI說這和題目無關，看來我又繞錯方向了！你剛剛提到男子可能是介於美食家和其他身分之間的人，你會不會有什麼新的聯想？,dismissed
939,7,ching,男子是億萬富翁嗎,與此無關,2025-07-21T07:12:50.696533+00:00,C,我剛問了AI「男子是億萬富翁嗎」，結果AI說這跟故事無關。哎，感覺我好像又猜錯方向了。Partner，你剛才有提到跟男子的身分有關，還有什麼我們可以往下想的地方嗎？,dismissed
940,7,彈塗魚,男子是否為政治人物,是也不是,2025-07-21T07:13:04.092059+00:00,C,我剛剛問AI「男子是否為政治人物」，AI的回答還是「是也不是」。這個答案真的讓我有點無所適從，你有沒有什麼新的聯想？或者你覺得我們是不是該回頭釐清一下他的特殊身分呢？,dismissed
941,7,ching,餐廳老闆知道男子的身份嗎,是,2025-07-21T07:13:23.182785+00:00,C,我剛問AI「餐廳老闆知道男子的身份嗎」，AI說「是」。Partner，你覺得老闆知道他的身份會不會代表這件事跟他們之間的某種特殊關係有關？你會怎麼想像這個關係呢？,sent
942,7,彈塗魚,恭喜老闆是指老闆贏得獎項嗎?,否,2025-07-21T07:14:03.526431+00:00,C,我剛問了AI「恭喜老闆是指老闆贏得獎項嗎？」AI說不是，看來我這個方向猜錯了。Partner，你覺得「恭喜」會不會和老闆最近發生的其他事情有關？你有什麼想法嗎？,sent
943,7,ching,男子,與此無關,2025-07-21T07:14:57.195003+00:00,C,啊，我剛剛問「男子」這個問題，結果AI說「與此無關」，看來我這方向完全錯了。不過你之前提到的那些細節感覺還蠻有道理的，你覺得我們還有哪個細節可以再深入聊聊嗎？,dismissed
945,7,彈塗魚,男子是商人嗎?,是也不是,2025-07-21T07:15:18.415156+00:00,C,我剛問了AI「男子是商人嗎？」結果AI還是回答「是也不是」，好像又是那種很模糊的身份。Partner，你覺得會不會是因為這個男子的身份本來就有點複雜，還是說他有什麼特別的背景？你有什麼聯想嗎？,no_action
946,7,彈塗魚,男子代表經紀公司嗎?,與此無關,2025-07-21T07:15:30.442242+00:00,C,我剛問了AI「男子代表經紀公司嗎？」結果答案是「與此無關」。哎，看來我又猜錯方向了。Partner，你覺得還有什麼地方可以切入，或者你之前想到的那些特殊關係有沒有什麼新靈感？,dismissed
944,7,ching,男子認識餐廳老闆嗎,與此無關,2025-07-21T07:15:04.111252+00:00,C,我剛問了AI「男子認識餐廳老闆嗎」，AI說「與此無關」。好像我這個方向又猜錯了，Partner，不知道你有沒有想過其他可能的切入點？你之前提到老闆知道男子的身份，也許還有別的關聯可以挖掘？,dismissed
947,7,彈塗魚,恭喜老闆的文字是嘲諷嗎?,否,2025-07-21T07:16:22.551749+00:00,C,我剛問AI「恭喜老闆的文字是嘲諷嗎？」AI說不是，代表這不是在挖苦老闆。Partner，你覺得這種「恭喜」有可能會是什麼樣的正面意義呢？,dismissed
948,7,ching,男子是鬼魂嗎,否,2025-07-21T07:16:26.251014+00:00,C,我剛問AI「男子是鬼魂嗎」，結果答案是「否」。Partner，你覺得這樣會不會代表男子的身份其實還是蠻普通的？那如果不是超自然的原因，你會往什麼方向想？,dismissed
949,7,彈塗魚,男子是神明嗎?,否,2025-07-21T07:16:58.960741+00:00,C,我剛問了AI「男子是神明嗎」，AI說不是。Partner，你覺得會不會男子的身分其實跟某種特殊職業或角色有關？你有什麼聯想到的可能性嗎？,dismissed
950,7,彈塗魚,這個跟老闆身上的好事情有關嗎?,否,2025-07-21T07:17:46.220978+00:00,C,我剛問了AI「這個跟老闆身上的好事情有關嗎？」結果答案是「否」，看來我又猜錯方向了，不好意思！Partner，你覺得除了老闆本人的事之外，還有什麼可能讓男子會特別恭喜老闆呢？,no_action
951,7,ching,男子的支票是新台幣嗎,與此無關,2025-07-21T07:17:46.354676+00:00,C,我剛問AI「男子的支票是新台幣嗎」，結果答案是「與此無關」。看來我又猜錯方向了，Partner，你剛剛提到老闆的事情，會不會跟我們漏掉的線索有關？你有什麼新的想法嗎？,dismissed
952,7,彈塗魚,這是單純男子對老闆的讚美嗎?,否,2025-07-21T07:18:08.633017+00:00,C,我剛問了AI「這是單純男子對老闆的讚美嗎？」結果答案是「否」。看來我又猜錯方向了，不好意思！Partner，你覺得還有沒有什麼可能是讓男子特別想要恭喜老闆的原因呢？,dismissed
954,7,彈塗魚,這跟老闆餐廳的好事情有關嗎?,否,2025-07-21T07:18:32.714828+00:00,C,我剛問AI「這跟老闆餐廳的好事情有關嗎？」結果答案是「否」，看來我又猜錯方向了，哈哈。不過你之前推測可能跟老闆本人沒直接關係，這點感覺很有道理！你覺得接下來我們可以怎麼理解這個「恭喜」呢？,dismissed
953,7,ching,男子覺得餐點好吃嗎,與此無關,2025-07-21T07:18:11.857745+00:00,C,我剛問AI「男子覺得餐點好吃嗎」，結果被回「與此無關」，看來我又猜錯方向了。Partner，你之前有提到老闆可能最近發生了什麼事，會不會我們應該多從老闆的角度想想？,dismissed
955,7,彈塗魚,雙方除了金錢交易外 還有其他利益交換嗎?,是,2025-07-21T07:19:08.458918+00:00,C,我剛問AI「雙方除了金錢交易外還有其他利益交換嗎？」結果AI說「是」。Partner，你覺得除了金錢之外，他們之間還會有什麼樣的利益交換呢？,sent
956,7,彈塗魚,這是犯罪行動暗號嗎?,否,2025-07-21T07:19:27.611798+00:00,C,我剛問了AI「這是犯罪行動暗號嗎？」結果答案是「否」。那這樣看來這件事跟犯罪沒有關係，Partner，你覺得會不會是跟某種正當的利益或合作有關呢？你有什麼聯想到的方向嗎？,dismissed
957,7,彈塗魚,這種恭喜是一種暗號嗎?,與此無關,2025-07-21T07:20:29.197700+00:00,C,啊，原來「恭喜」不是什麼暗號，看來我這方向完全想錯了。不過Partner，你之前提到會不會跟老闆最近發生的其他事情有關，我現在也蠻好奇的，你對這個「恭喜」有沒有新的想法？,no_action
958,7,彈塗魚,男子是政府特工嗎?,否,2025-07-21T07:25:32.262555+00:00,C,我剛問AI「男子是政府特工嗎？」結果答案是「否」。Partner，你覺得他會不會和什麼特定的組織或身分有關？你腦中有什麼其他可能的方向嗎？,dismissed
959,7,ching,男子可以從老闆身上得到利益嗎,與此無關,2025-07-21T07:25:39.065253+00:00,C,我剛問AI「男子可以從老闆身上得到利益嗎」，結果答案是「與此無關」。我這個方向又猜錯了，Partner，你覺得我們是不是該再回頭看看你剛剛提到的「除了金錢之外的利益交換」這個線索？,dismissed
960,7,彈塗魚,男子的身分重要嗎?,是,2025-07-21T07:25:48.929856+00:00,C,我剛問了AI「男子的身分重要嗎？」AI的回答是「是」。Partner，既然男子的身分這麼關鍵，你有沒有什麼猜想或聯想到什麼領域的身分會讓這件事變得特別？,dismissed
961,7,彈塗魚,男子比較接近商人還是政治人物?,是也不是,2025-07-21T07:26:12.723400+00:00,C,我剛問AI男子比較接近商人還是政治人物，結果答案是「是也不是」，有點模稜兩可，好像我們問的方式還沒抓到重點。Partner，你覺得男子的身分會是完全出乎意料的那種嗎？還是可能跟我們之前猜的有一點相關？,dismissed
962,7,ching,男子就是老闆本人嗎,否,2025-07-21T07:26:18.312054+00:00,C,我剛問了AI「男子就是老闆本人嗎」，AI回答「否」。既然男子不是老闆本人，那你覺得他的身分會不會跟這家餐廳有其他特別的關聯？,dismissed
963,7,彈塗魚,男子的個性重要嗎?,否,2025-07-21T07:27:11.886738+00:00,C,我剛問了AI「男子的個性重要嗎？」結果答案是「否」，看來我又猜錯方向了，不好意思～你覺得還有哪些關鍵條件是我們沒注意到的呢？,dismissed
964,7,ching,男子是美食評審員嗎,是也不是,2025-07-21T07:27:13.632272+00:00,C,我剛問AI「男子是美食評審員嗎」，結果答案是「是也不是」。這樣看起來男子的身分很複雜，Partner，你覺得還有哪些身分會讓他同時具有某種評審或鑑定的特質呢？,dismissed
965,7,彈塗魚,男子是偶像嗎?,是也不是,2025-07-21T07:27:30.806892+00:00,C,我剛問AI「男子是偶像嗎？」結果答案是「是也不是」。這種模稜兩可的回答讓我有點困惑，Partner，你覺得會不會男子的身分有某種特別之處，不完全是一般意義上的偶像？你有什麼想法嗎？,no_action
967,7,彈塗魚,男子是媒體記者嗎?,是也不是,2025-07-21T07:27:53.901258+00:00,C,我剛問AI「男子是媒體記者嗎？」結果答案是「是也不是」，好像沒法完全確定他的身分。Partner，你覺得有什麼身分是介於媒體記者與其他角色之間，能讓他這麼做嗎？,no_action
966,7,ching,男子是餐廳老闆的投資人嗎,否,2025-07-21T07:27:51.603904+00:00,C,我剛問了AI「男子是餐廳老闆的投資人嗎」，結果答案是「否」。那我們是不是該往男子身分的其他特殊可能性去想？Partner，你覺得還有什麼身分會讓他特別想恭喜老闆呢？,dismissed
968,7,彈塗魚,男子是網紅嗎?,是也不是,2025-07-21T07:28:32.560411+00:00,C,我剛問AI「男子是網紅嗎？」結果答案是「是也不是」，好像不是單純的網紅這麼簡單。Partner，你覺得男子會不會有其他特殊身份，或者他在這裡扮演的角色有什麼特別之處呢？,no_action
970,7,彈塗魚,這件是跟餐廳類型有關嗎?,否,2025-07-21T07:29:16.634727+00:00,C,我剛問AI「這件是跟餐廳類型有關嗎？」結果答案是「否」。這樣看來我們之前猜跟餐廳本身有關的方向好像不太對，Partner，你覺得還有什麼是跟餐廳無關、但會讓男子特別寫下恭喜話語的情境嗎？,dismissed
969,7,ching,老闆可以從男子身上得到好處嗎,是,2025-07-21T07:29:15.516634+00:00,C,我剛問了AI「老闆可以從男子身上得到好處嗎」，AI說「是」。Partner，你覺得老闆可能會在什麼情況下，因為男子的這個舉動而獲得好處呢？,dismissed
971,7,彈塗魚,因為男子的稱讚 餐廳營業預計會變好嗎?,否,2025-07-21T07:29:59.358701+00:00,C,我剛問AI「因為男子的稱讚餐廳營業預計會變好嗎？」結果答案是「否」。照這樣看來，男子寫的話好像不是為了讓餐廳生意變好，那你覺得他這樣做有可能是為了什麼呢？,no_action
972,7,彈塗魚,還是變壞?,否,2025-07-21T07:30:12.765380+00:00,C,我剛問AI「還是變壞？」結果答案是「否」。這樣看來男子的行為應該不涉及什麼負面的動機，Partner，你覺得他會不會是出於某種善意或特殊理由才寫下恭喜的話呢？,dismissed
973,7,ching,男子可以給予老闆的好處是金錢方面的嗎,是也不是,2025-07-21T07:30:17.845702+00:00,C,我剛問AI「男子可以給予老闆的好處是金錢方面的嗎」，AI的回答是「是也不是」。這樣看來，男子給老闆的好處好像不完全只是金錢，這讓我有點卡關。Partner，你覺得這種「是也不是」的狀況，會不會代表好處其實有兩種性質混在一起呢？,dismissed
974,7,彈塗魚,這件事發生的當下,與此無關,2025-07-21T07:31:14.847260+00:00,C,啊，我問「這件事發生的當下」結果AI說「與此無關」，看來我又誤判方向了，不好意思！Partner，你覺得我們要不要再回頭釐清一下男子的身分或者他寫的內容？,no_action
975,7,ching,男子可以讓餐廳變有名嗎,是,2025-07-21T07:31:15.563993+00:00,C,我剛問AI「男子可以讓餐廳變有名嗎」，AI的回答是「是」。既然男子有辦法讓餐廳變有名，你覺得他的身份可能會是什麼，或者他是用什麼方式來做到這件事的？,sent
976,7,彈塗魚,這件事發生的當下 有引起騷動嗎,與此無關,2025-07-21T07:31:25.775163+00:00,C,我剛問了AI「這件事發生的當下有引起騷動嗎」，結果答案是「與此無關」。好像我又問歪方向了……Partner，你覺得我們是不是應該再從男子的身分或他寫的話下手？,dismissed
977,7,ching,老闆看到男子的恭喜可以馬上知道原因嗎,是,2025-07-21T07:32:19.766868+00:00,C,我剛問AI「老闆看到男子的恭喜可以馬上知道原因嗎」，AI的回答是「是」。所以看起來老闆一看到那幾句話就能立刻明白背後的意思，你覺得這是不是代表這種恭喜有特別明確的意義？還是說跟男子的身份超有關係？,sent
978,7,彈塗魚,男子是美食部落客嗎?,是也不是,2025-07-21T07:32:30.315344+00:00,C,我剛問AI「男子是美食部落客嗎？」結果AI說「是也不是」。這樣的答案好像有點模糊，Partner，你覺得男子除了可能是美食部落客之外，還會有什麼身份或角色呢？,sent
979,7,彈塗魚,男子會魔法嗎?,否,2025-07-21T07:33:33.048259+00:00,C,我剛問了AI「男子會魔法嗎？」結果答案是「否」。既然這跟魔法沒關係，那Partner你覺得男子的身份會是跟現實生活中某種有影響力的人有關嗎？,no_action
980,7,ching,男子是餐廳的房東嗎,否,2025-07-21T07:33:38.825910+00:00,C,我剛問AI「男子是餐廳的房東嗎」，結果答案是「否」。既然男子不是房東，那你覺得他還可能有什麼特殊的身分，能影響餐廳讓老闆一看就明白意思呢？,dismissed
981,7,ching,男子是有名氣的人嗎,是,2025-07-21T07:33:54.460464+00:00,C,我剛問AI「男子是有名氣的人嗎」，AI的回答是「是」。Partner，你覺得男子的名氣會不會讓他的行動（像是在支票背面寫話）對餐廳帶來什麼特別的影響？,dismissed
982,7,彈塗魚,男子是偵探嗎?,否,2025-07-21T07:34:00.360028+00:00,C,我剛問AI「男子是偵探嗎？」結果AI說「否」。這樣看來男子的身份應該不是偵探，那你覺得還有什麼身份是能讓老闆一看到就明白、並且能讓餐廳變有名的嗎？,no_action
983,7,彈塗魚,男子是利用自身影響力為老闆的餐廳進行宣傳嗎?,否,2025-07-21T07:34:26.950117+00:00,C,我剛問AI「男子是利用自身影響力為老闆的餐廳進行宣傳嗎？」AI的回答是「否」。感覺我的方向又偏掉了，你覺得我們是不是還漏掉男子身分的哪些可能性？,sent
984,7,ching,男子是美食採訪記者嗎,是也不是,2025-07-21T07:34:39.667839+00:00,C,我剛問AI「男子是美食採訪記者嗎」，結果答案是「是也不是」。這種模稜兩可的回覆好像又讓我們卡住了，你覺得這是不是代表男子有某種跟媒體或其他特殊身份相關的複合背景？你覺得我們可以從哪個角度再試著去拆解他的角色呢？,no_action
985,7,ching,男子是美食評論家嗎,是也不是,2025-07-21T07:34:50.295749+00:00,C,我剛問AI「男子是美食評論家嗎」，結果答案是「是也不是」。這種模稜兩可的回答讓我有點卡住，Partner，你覺得男子會不會是那種和美食評論家有某種重疊但又不是完全一樣的職業？你會想到哪些可能性？,dismissed
986,7,彈塗魚,這個事件從頭到尾是否沒發生過?,否,2025-07-21T07:34:57.327632+00:00,C,我剛問AI這件事件從頭到尾有沒有發生過，AI的回答是「否」，也就是說這件事是真的發生過喔！Partner，你覺得這樣的話，有沒有哪個細節我們之前可能忽略了，值得再重新檢查一下？,dismissed
987,7,ching,男子是屬於某個機構底下的嗎,是也不是,2025-07-21T07:35:18.452779+00:00,C,我剛問AI「男子是屬於某個機構底下的嗎」，AI的回答是「是也不是」。這種模稜兩可的答案好像又讓我們更難判斷男子的背景，你覺得有沒有什麼身份是介於個人和機構之間，或者你有沒有其他想到的方向可以一起討論看看？,dismissed
